0,1,3,6,9,12,20,40,60
0.000000000000000000e+00,8.320833333333332860e+00,1.266305555555555529e+01,1.635277777777777786e+01,1.857750000000000057e+01,2.015222222222222115e+01,2.323638888888888943e+01,2.766916666666666558e+01,3.065611111111111242e+01
0.000000000000000000e+00,8.207777777777778283e+00,1.301861111111111136e+01,1.633444444444444343e+01,1.866305555555555529e+01,2.044444444444444642e+01,2.340444444444444372e+01,2.764194444444444443e+01,3.054333333333333300e+01
0.000000000000000000e+00,8.384166666666665435e+00,1.310055555555555351e+01,1.631694444444444514e+01,1.842861111111111327e+01,2.009388888888888758e+01,2.290166666666666728e+01,2.694638888888889028e+01,2.973777777777777942e+01
0.000000000000000000e+00,8.481944444444444287e+00,1.333027777777777700e+01,1.672749999999999915e+01,1.887083333333333357e+01,2.028666666666666529e+01,2.292833333333333456e+01,2.739777777777777601e+01,2.998250000000000171e+01
0.000000000000000000e+00,8.537222222222222712e+00,1.274027777777777892e+01,1.642527777777777587e+01,1.851111111111111285e+01,2.033416666666666828e+01,2.316277777777777658e+01,2.773999999999999844e+01,3.047027777777777757e+01
0.000000000000000000e+00,8.044722222222222996e+00,1.288111111111111029e+01,1.607388888888888800e+01,1.839638888888888957e+01,2.002166666666666472e+01,2.301833333333333087e+01,2.731583333333333385e+01,3.012666666666666870e+01
0.000000000000000000e+00,8.229444444444444784e+00,1.317416666666666814e+01,1.679777777777777814e+01,1.873638888888888943e+01,2.022888888888888914e+01,2.314944444444444471e+01,2.722749999999999915e+01,3.001166666666666316e+01
0.000000000000000000e+00,7.978888888888889142e+00,1.270361111111111008e+01,1.629555555555555557e+01,1.859611111111111015e+01,2.035805555555555557e+01,2.339249999999999829e+01,2.798138888888888687e+01,3.056805555555555642e+01
0.000000000000000000e+00,8.266388888888888786e+00,1.285166666666666657e+01,1.612999999999999901e+01,1.803138888888888758e+01,1.985000000000000142e+01,2.282861111111111185e+01,2.765916666666666757e+01,3.039305555555555216e+01
0.000000000000000000e+00,8.464999999999999858e+00,1.298944444444444457e+01,1.633833333333333115e+01,1.830111111111111200e+01,1.980250000000000199e+01,2.299472222222222229e+01,2.757305555555555188e+01,3.044472222222222157e+01
0.000000000000000000e+00,8.308888888888889213e+00,1.306944444444444464e+01,1.656444444444444386e+01,1.865749999999999886e+01,2.027083333333333215e+01,2.313638888888888800e+01,2.767388888888888587e+01,3.035277777777777786e+01
0.000000000000000000e+00,8.377499999999999503e+00,1.270166666666666622e+01,1.617694444444444457e+01,1.850138888888888999e+01,2.026527777777777573e+01,2.338472222222222285e+01,2.741055555555555401e+01,3.047805555555555657e+01
0.000000000000000000e+00,8.298333333333333783e+00,1.313749999999999929e+01,1.674166666666666714e+01,1.909972222222222271e+01,2.050750000000000028e+01,2.321749999999999758e+01,2.768194444444444358e+01,3.029111111111111398e+01
0.000000000000000000e+00,8.044444444444444287e+00,1.300777777777777722e+01,1.661194444444444329e+01,1.893861111111111128e+01,2.046222222222222342e+01,2.339333333333333087e+01,2.770527777777777700e+01,3.050611111111111029e+01
0.000000000000000000e+00,8.454444444444444429e+00,1.282972222222222314e+01,1.627166666666666828e+01,1.870055555555555671e+01,2.027666666666666728e+01,2.341861111111111171e+01,2.775555555555555642e+01,3.061916666666666487e+01
0.000000000000000000e+00,8.485833333333332007e+00,1.279333333333333478e+01,1.612999999999999901e+01,1.812500000000000000e+01,1.980999999999999872e+01,2.300055555555555387e+01,2.741777777777777914e+01,2.995611111111110958e+01
0.000000000000000000e+00,7.943055555555556424e+00,1.293194444444444358e+01,1.637416666666666742e+01,1.862194444444444485e+01,1.989499999999999957e+01,2.297888888888888914e+01,2.720083333333333542e+01,3.011249999999999716e+01
0.000000000000000000e+00,8.288611111111110930e+00,1.304916666666666814e+01,1.664416666666666700e+01,1.858416666666666472e+01,2.030861111111111228e+01,2.313694444444444187e+01,2.755555555555555713e+01,3.024527777777777970e+01
0.000000000000000000e+00,8.540555555555554790e+00,1.300138888888888999e+01,1.636527777777777715e+01,1.853249999999999886e+01,2.016166666666666529e+01,2.319555555555555415e+01,2.765527777777777629e+01,3.041305555555555884e+01
0.000000000000000000e+00,8.308611111111110503e+00,1.268861111111111128e+01,1.636361111111111200e+01,1.853583333333333627e+01,2.026583333333333314e+01,2.336999999999999744e+01,2.763749999999999929e+01,3.019611111111111157e+01
0.000000000000000000e+00,8.244166666666666643e+00,1.270333333333333314e+01,1.597944444444444301e+01,1.828111111111111242e+01,1.972111111111111015e+01,2.283666666666666600e+01,2.754666666666667041e+01,3.043111111111110745e+01
0.000000000000000000e+00,8.151111111111111640e+00,1.297444444444444400e+01,1.629083333333333172e+01,1.855055555555555458e+01,2.017666666666666941e+01,2.306916666666666416e+01,2.774694444444444485e+01,3.049694444444444485e+01
0.000000000000000000e+00,8.395833333333332149e+00,1.300249999999999950e+01,1.632750000000000057e+01,1.845527777777778056e+01,2.017833333333333456e+01,2.316000000000000014e+01,2.774555555555555486e+01,3.033388888888888957e+01
0.000000000000000000e+00,8.333611111111110858e+00,1.312972222222222385e+01,1.657222222222222285e+01,1.890972222222222143e+01,2.069638888888889028e+01,2.365333333333333599e+01,2.767500000000000071e+01,3.038166666666666771e+01
0.000000000000000000e+00,8.323333333333334139e+00,1.244055555555555692e+01,1.595111111111111057e+01,1.836583333333333456e+01,2.021333333333333471e+01,2.310055555555555529e+01,2.758805555555555600e+01,3.047361111111111143e+01
0.000000000000000000e+00,8.490277777777777146e+00,1.316277777777777835e+01,1.627638888888888857e+01,1.836611111111110972e+01,2.002777777777777857e+01,2.335027777777777658e+01,2.763583333333333059e+01,3.014027777777777928e+01
0.000000000000000000e+00,8.162222222222222712e+00,1.321916666666666806e+01,1.667444444444444329e+01,1.873805555555555458e+01,2.049222222222222456e+01,2.374916666666666742e+01,2.817472222222222200e+01,3.071694444444444372e+01
0.000000000000000000e+00,7.343888888888888467e+00,1.266861111111111171e+01,1.647222222222222143e+01,1.876527777777777928e+01,2.027527777777777729e+01,2.305250000000000199e+01,2.747916666666666430e+01,3.044194444444444514e+01
0.000000000000000000e+00,8.057499999999999218e+00,1.279277777777777736e+01,1.620555555555555571e+01,1.844555555555555770e+01,2.011305555555555458e+01,2.274777777777777743e+01,2.747833333333333172e+01,3.033027777777777700e+01
0.000000000000000000e+00,7.903333333333333321e+00,1.312861111111111079e+01,1.651166666666666671e+01,1.860249999999999915e+01,2.019083333333333385e+01,2.300416666666666643e+01,2.754305555555555785e+01,3.044444444444444642e+01
0.000000000000000000e+00,8.152499999999999858e+00,1.284138888888888808e+01,1.660555555555555785e+01,1.874861111111111001e+01,2.040833333333333499e+01,2.314444444444444571e+01,2.758944444444444599e+01,3.034472222222222015e+01
0.000000000000000000e+00,8.620555555555554861e+00,1.299111111111111150e+01,1.651749999999999829e+01,1.884416666666666629e+01,2.064777777777777956e+01,2.342194444444444557e+01,2.786638888888888843e+01,3.070499999999999829e+01
0.000000000000000000e+00,8.288888888888887863e+00,1.341388888888888964e+01,1.698388888888889170e+01,1.881861111111111029e+01,2.034333333333333371e+01,2.341388888888889142e+01,2.744527777777777544e+01,3.023666666666666814e+01
0.000000000000000000e+00,8.300000000000000711e+00,1.285666666666666558e+01,1.625444444444444514e+01,1.846305555555555600e+01,1.988166666666666771e+01,2.314972222222221987e+01,2.736361111111111200e+01,3.003805555555555529e+01
0.000000000000000000e+00,8.420833333333332504e+00,1.304805555555555507e+01,1.653916666666666657e+01,1.865055555555555600e+01,2.022694444444444528e+01,2.328583333333333272e+01,2.779944444444444329e+01,3.053277777777777402e+01
0.000000000000000000e+00,8.330277777777778780e+00,1.301249999999999929e+01,1.662916666666666643e+01,1.893388888888888744e+01,2.038694444444444542e+01,2.353333333333333499e+01,2.803861111111111271e+01,3.066194444444444400e+01
0.000000000000000000e+00,8.071388888888888502e+00,1.284694444444444450e+01,1.634583333333333499e+01,1.866277777777777658e+01,2.024611111111111228e+01,2.332916666666666572e+01,2.772194444444444628e+01,3.017472222222222200e+01
0.000000000000000000e+00,8.584166666666666501e+00,1.317500000000000071e+01,1.647027777777777757e+01,1.876833333333333442e+01,2.012583333333333613e+01,2.306555555555555515e+01,2.731388888888888644e+01,3.025694444444444287e+01
0.000000000000000000e+00,8.315555555555555145e+00,1.311499999999999844e+01,1.661999999999999744e+01,1.902972222222222243e+01,2.051083333333333414e+01,2.320861111111111086e+01,2.788833333333333186e+01,3.061388888888889070e+01
0.000000000000000000e+00,8.213333333333332931e+00,1.296166666666666600e+01,1.666944444444444429e+01,1.859194444444444372e+01,2.027583333333333471e+01,2.317388888888888943e+01,2.773027777777777914e+01,3.059833333333333272e+01
0.000000000000000000e+00,8.334166666666666501e+00,1.305666666666666664e+01,1.646694444444444372e+01,1.880305555555555586e+01,2.046000000000000085e+01,2.310583333333333300e+01,2.769027777777777644e+01,3.032027777777777544e+01
0.000000000000000000e+00,8.464166666666667282e+00,1.295083333333333364e+01,1.650472222222222385e+01,1.787138888888889099e+01,1.969138888888888772e+01,2.290222222222222115e+01,2.746805555555555500e+01,3.005805555555555841e+01
0.000000000000000000e+00,8.158333333333333215e+00,1.262555555555555742e+01,1.657722222222222186e+01,1.876055555555555543e+01,2.033055555555555571e+01,2.345083333333333542e+01,2.776250000000000284e+01,3.048944444444444812e+01
0.000000000000000000e+00,8.306944444444445352e+00,1.295388888888889056e+01,1.639416666666666700e+01,1.850472222222222385e+01,1.990666666666666629e+01,2.310750000000000171e+01,2.762416666666666742e+01,3.029222222222222172e+01
0.000000000000000000e+00,8.096944444444444500e+00,1.304361111111111171e+01,1.657305555555555543e+01,1.881861111111111029e+01,2.034166666666666501e+01,2.331861111111111384e+01,2.756694444444444514e+01,3.046361111111110986e+01
0.000000000000000000e+00,8.296111111111111214e+00,1.298000000000000043e+01,1.631777777777777771e+01,1.862333333333333485e+01,2.029277777777777914e+01,2.335250000000000270e+01,2.795527777777777700e+01,3.047944444444444301e+01
0.000000000000000000e+00,8.289722222222222214e+00,1.317555555555555458e+01,1.666027777777777530e+01,1.893861111111111128e+01,2.069500000000000028e+01,2.331638888888888772e+01,2.808944444444444599e+01,3.072833333333333528e+01
0.000000000000000000e+00,8.403333333333334210e+00,1.319444444444444464e+01,1.627722222222222470e+01,1.862750000000000128e+01,2.039333333333333442e+01,2.308888888888888857e+01,2.708583333333332988e+01,2.984694444444444628e+01
0.000000000000000000e+00,8.416666666666666075e+00,1.303833333333333222e+01,1.615527777777777629e+01,1.852111111111111086e+01,2.028583333333333272e+01,2.334666666666666401e+01,2.776055555555555543e+01,3.058083333333333442e+01
0.000000000000000000e+00,8.498333333333333073e+00,1.345222222222222186e+01,1.655833333333333357e+01,1.868527777777777743e+01,2.031444444444444386e+01,2.343666666666666742e+01,2.795888888888888957e+01,3.058194444444444215e+01
0.000000000000000000e+00,8.228888888888889142e+00,1.294555555555555415e+01,1.630166666666666586e+01,1.859027777777777857e+01,2.026694444444444443e+01,2.348777777777777587e+01,2.798416666666666686e+01,3.074111111111111327e+01
0.000000000000000000e+00,8.133055555555555927e+00,1.321361111111111164e+01,1.663250000000000028e+01,1.877666666666666728e+01,2.032888888888888701e+01,2.288472222222222285e+01,2.724138888888888843e+01,3.007583333333333542e+01
0.000000000000000000e+00,8.354444444444444784e+00,1.309694444444444450e+01,1.652611111111110986e+01,1.850805555555555415e+01,2.008722222222222342e+01,2.340861111111111015e+01,2.782138888888888673e+01,3.045555555555555927e+01
0.000000000000000000e+00,8.321111111111111569e+00,1.297972222222222349e+01,1.635666666666666558e+01,1.854611111111110944e+01,1.980861111111110873e+01,2.296361111111111342e+01,2.781444444444444741e+01,3.034333333333333371e+01
0.000000000000000000e+00,8.510833333333332362e+00,1.317611111111111022e+01,1.645277777777777573e+01,1.821527777777777857e+01,1.992111111111111299e+01,2.274305555555555358e+01,2.698749999999999716e+01,2.999277777777777843e+01
0.000000000000000000e+00,8.125277777777776933e+00,1.314138888888888879e+01,1.664055555555555443e+01,1.871250000000000213e+01,2.048750000000000071e+01,2.336333333333333329e+01,2.775444444444444159e+01,3.031861111111111029e+01
0.000000000000000000e+00,8.411111111111111427e+00,1.280944444444444485e+01,1.627361111111111214e+01,1.868722222222222129e+01,2.032694444444444315e+01,2.362305555555555614e+01,2.799583333333333002e+01,3.072972222222222172e+01
0.000000000000000000e+00,8.136666666666666714e+00,1.267472222222222378e+01,1.584527777777777757e+01,1.830499999999999972e+01,2.004722222222222072e+01,2.328666666666666529e+01,2.775666666666666771e+01,3.071361111111110986e+01
0.000000000000000000e+00,8.183055555555556637e+00,1.302111111111111086e+01,1.626861111111111313e+01,1.862249999999999872e+01,2.035500000000000043e+01,2.308277777777777828e+01,2.762249999999999872e+01,3.079055555555555301e+01
0.000000000000000000e+00,8.158333333333333215e+00,1.292861111111110972e+01,1.613416666666666544e+01,1.825527777777777771e+01,1.994555555555555415e+01,2.248333333333333428e+01,2.742611111111111200e+01,3.029555555555555202e+01
0.000000000000000000e+00,8.419166666666665577e+00,1.333527777777777601e+01,1.660777777777777686e+01,1.890277777777777501e+01,2.030166666666666941e+01,2.312888888888888772e+01,2.749805555555555614e+01,3.019500000000000028e+01
0.000000000000000000e+00,8.589444444444444215e+00,1.350055555555555387e+01,1.665138888888888857e+01,1.880888888888888744e+01,2.025722222222222157e+01,2.320083333333333542e+01,2.745611111111110958e+01,3.046944444444444500e+01
0.000000000000000000e+00,7.963333333333332931e+00,1.278249999999999886e+01,1.632805555555555799e+01,1.879444444444444429e+01,2.032249999999999801e+01,2.317999999999999972e+01,2.743194444444444358e+01,3.017194444444444201e+01
0.000000000000000000e+00,8.283333333333333215e+00,1.277638888888889035e+01,1.641666666666666430e+01,1.864305555555555571e+01,2.004083333333333172e+01,2.291611111111111043e+01,2.730388888888888843e+01,3.004333333333333300e+01
0.000000000000000000e+00,7.848055555555555785e+00,1.278111111111110887e+01,1.678083333333333371e+01,1.887833333333333385e+01,2.034361111111111242e+01,2.301361111111111413e+01,2.763222222222222513e+01,3.044500000000000028e+01
0.000000000000000000e+00,8.424166666666668135e+00,1.306027777777777921e+01,1.640333333333333243e+01,1.874777777777777743e+01,2.024249999999999972e+01,2.340638888888888758e+01,2.795388888888889056e+01,3.094194444444444514e+01
0.000000000000000000e+00,8.419999999999999929e+00,1.315694444444444322e+01,1.656777777777777771e+01,1.826833333333333442e+01,1.999305555555555713e+01,2.316750000000000043e+01,2.776638888888888701e+01,3.061694444444444230e+01
0.000000000000000000e+00,8.220277777777777573e+00,1.266638888888888737e+01,1.520138888888888928e+01,1.797222222222222143e+01,1.987444444444444613e+01,2.295805555555555699e+01,2.740166666666666728e+01,3.026138888888889156e+01
0.000000000000000000e+00,8.227500000000000924e+00,1.247444444444444578e+01,1.621777777777777985e+01,1.840138888888888857e+01,2.007722222222222186e+01,2.317444444444444329e+01,2.761055555555555330e+01,3.029833333333333201e+01
0.000000000000000000e+00,8.217222222222222427e+00,1.315472222222222243e+01,1.661111111111111072e+01,1.870972222222222214e+01,2.015416666666666856e+01,2.319416666666666416e+01,2.738277777777777899e+01,2.996944444444444144e+01
0.000000000000000000e+00,8.250555555555555642e+00,1.272305555555555756e+01,1.630666666666666487e+01,1.855916666666666615e+01,2.009916666666666885e+01,2.366611111111111043e+01,2.783361111111111086e+01,3.046611111111111114e+01
0.000000000000000000e+00,8.472777777777777075e+00,1.328027777777777629e+01,1.654500000000000171e+01,1.847638888888888786e+01,2.012750000000000128e+01,2.330138888888888715e+01,2.770055555555555671e+01,3.035027777777778013e+01
0.000000000000000000e+00,8.485833333333332007e+00,1.308666666666666600e+01,1.644999999999999929e+01,1.850055555555555742e+01,1.992777777777777715e+01,2.291083333333333272e+01,2.727027777777777828e+01,3.009666666666666757e+01
0.000000000000000000e+00,8.285277777777777075e+00,1.310361111111111043e+01,1.640500000000000114e+01,1.836777777777777843e+01,2.021194444444444471e+01,2.335166666666666657e+01,2.759249999999999758e+01,3.046666666666666501e+01
0.000000000000000000e+00,8.314722222222222570e+00,1.308638888888888907e+01,1.652277777777777956e+01,1.875777777777777899e+01,2.035972222222222427e+01,2.359083333333333243e+01,2.806027777777777743e+01,3.069444444444444642e+01
0.000000000000000000e+00,8.546944444444443789e+00,1.320999999999999908e+01,1.647416666666666885e+01,1.864583333333333215e+01,2.030416666666666714e+01,2.312638888888888644e+01,2.764916666666666956e+01,3.042333333333333556e+01
0.000000000000000000e+00,8.240555555555555856e+00,1.323916666666666586e+01,1.650944444444444414e+01,1.865638888888888758e+01,2.024333333333333229e+01,2.285361111111111043e+01,2.762444444444444613e+01,3.029916666666666458e+01
0.000000000000000000e+00,8.477777777777777857e+00,1.291055555555555578e+01,1.627555555555555600e+01,1.875722222222222157e+01,2.038194444444444287e+01,2.350305555555555515e+01,2.753277777777777757e+01,3.019972222222222058e+01
0.000000000000000000e+00,8.254444444444445139e+00,1.265861111111111192e+01,1.566527777777777786e+01,1.774166666666666714e+01,1.957611111111111057e+01,2.263027777777777771e+01,2.760111111111110915e+01,3.026944444444444215e+01
0.000000000000000000e+00,8.120555555555556637e+00,1.273416666666666508e+01,1.636527777777777715e+01,1.864361111111110958e+01,2.014583333333333215e+01,2.319916666666666671e+01,2.744750000000000156e+01,3.048750000000000071e+01
0.000000000000000000e+00,8.499722222222223067e+00,1.306388888888888822e+01,1.637861111111110901e+01,1.838777777777777800e+01,2.011777777777777843e+01,2.334444444444444500e+01,2.777027777777777828e+01,3.051777777777777700e+01
0.000000000000000000e+00,8.313333333333334352e+00,1.337694444444444386e+01,1.639194444444444443e+01,1.882250000000000156e+01,2.050222222222222257e+01,2.356777777777777771e+01,2.765555555555555500e+01,3.035972222222222427e+01
0.000000000000000000e+00,8.172222222222222499e+00,1.286111111111111249e+01,1.638944444444444670e+01,1.866583333333333528e+01,2.017500000000000071e+01,2.323222222222222300e+01,2.748416666666666686e+01,3.047027777777777757e+01
0.000000000000000000e+00,8.344999999999998863e+00,1.307166666666666721e+01,1.652472222222221987e+01,1.867749999999999844e+01,2.034194444444444727e+01,2.328305555555555628e+01,2.756222222222222129e+01,3.015388888888888985e+01
0.000000000000000000e+00,8.161666666666667069e+00,1.282527777777777800e+01,1.673694444444444329e+01,1.894333333333333513e+01,2.049916666666666387e+01,2.349111111111110972e+01,2.806333333333333613e+01,3.066805555555555785e+01
0.000000000000000000e+00,8.262500000000001066e+00,1.274361111111111100e+01,1.629305555555555429e+01,1.833500000000000085e+01,1.994805555555555543e+01,2.280361111111110972e+01,2.760833333333333428e+01,3.010222222222222399e+01
0.000000000000000000e+00,8.364722222222221504e+00,1.293111111111110922e+01,1.644944444444444542e+01,1.879194444444444301e+01,2.036388888888889070e+01,2.321666666666666501e+01,2.772888888888888559e+01,3.045944444444444343e+01
0.000000000000000000e+00,8.200000000000001066e+00,1.260583333333333300e+01,1.622805555555555657e+01,1.842138888888889170e+01,2.005166666666666941e+01,2.323777777777777587e+01,2.773972222222222328e+01,3.030277777777777715e+01
0.000000000000000000e+00,8.335555555555556495e+00,1.270583333333333265e+01,1.629249999999999687e+01,1.850027777777777516e+01,2.023444444444444201e+01,2.337472222222222129e+01,2.802805555555555372e+01,3.087361111111111001e+01
0.000000000000000000e+00,8.241944444444444073e+00,1.305499999999999972e+01,1.652972222222222243e+01,1.857027777777777544e+01,1.994055555555555515e+01,2.319472222222222157e+01,2.754083333333333172e+01,3.032416666666667027e+01
0.000000000000000000e+00,8.320000000000000284e+00,1.303388888888888886e+01,1.639666666666666828e+01,1.858888888888888857e+01,2.004277777777777914e+01,2.307361111111111285e+01,2.759694444444444272e+01,3.027500000000000213e+01
0.000000000000000000e+00,8.378611111111112564e+00,1.283333333333333215e+01,1.617249999999999943e+01,1.814777777777777601e+01,1.996277777777777729e+01,2.305361111111110972e+01,2.757333333333333414e+01,3.057194444444444414e+01
0.000000000000000000e+00,8.440555555555555145e+00,1.314111111111111185e+01,1.663027777777777771e+01,1.847555555555555529e+01,1.997777777777777786e+01,2.320694444444444571e+01,2.752388888888888729e+01,2.999611111111111228e+01
0.000000000000000000e+00,8.239444444444444571e+00,1.289694444444444343e+01,1.613416666666666544e+01,1.853305555555555628e+01,2.037916666666666643e+01,2.310750000000000171e+01,2.748083333333333300e+01,3.031444444444444386e+01
0.000000000000000000e+00,8.193055555555556424e+00,1.249027777777777715e+01,1.610527777777777558e+01,1.830194444444444457e+01,1.999333333333333229e+01,2.288138888888888900e+01,2.732277777777778027e+01,2.996500000000000341e+01
0.000000000000000000e+00,8.091666666666666785e+00,1.282916666666666572e+01,1.650583333333333513e+01,1.872416666666666529e+01,2.042083333333333428e+01,2.346972222222222371e+01,2.760055555555555529e+01,3.049444444444444713e+01
0.000000000000000000e+00,8.373333333333334849e+00,1.314527777777777828e+01,1.661555555555555586e+01,1.875499999999999901e+01,2.033555555555555827e+01,2.303972222222222399e+01,2.759916666666666885e+01,3.051638888888889056e+01
0.000000000000000000e+00,8.193055555555556424e+00,1.315305555555555728e+01,1.655694444444444358e+01,1.873916666666666941e+01,2.027111111111111086e+01,2.353444444444444272e+01,2.795333333333333670e+01,3.040944444444444628e+01
0.000000000000000000e+00,8.209166666666666501e+00,1.302111111111111086e+01,1.642388888888888943e+01,1.823194444444444429e+01,1.986333333333333329e+01,2.309499999999999886e+01,2.750611111111111029e+01,3.018138888888888971e+01
0.000000000000000000e+00,8.179999999999999716e+00,1.297333333333333449e+01,1.636472222222222328e+01,1.868083333333333229e+01,2.035888888888889170e+01,2.344472222222222157e+01,2.799555555555555841e+01,3.071583333333333243e+01
0.000000000000000000e+00,8.250833333333334352e+00,1.304305555555555429e+01,1.621249999999999858e+01,1.808999999999999986e+01,1.960694444444444429e+01,2.275166666666666870e+01,2.717916666666666714e+01,2.990166666666666373e+01
0.000000000000000000e+00,8.398611111111110361e+00,1.313805555555555493e+01,1.669777777777777672e+01,1.886472222222222328e+01,2.057111111111111157e+01,2.361250000000000071e+01,2.774111111111110972e+01,3.052805555555555372e+01
0.000000000000000000e+00,8.522222222222222143e+00,1.301888888888888829e+01,1.632805555555555799e+01,1.855166666666666586e+01,1.982916666666666572e+01,2.303277777777777757e+01,2.759888888888889014e+01,3.023611111111111427e+01
0.000000000000000000e+00,8.487222222222222001e+00,1.339750000000000085e+01,1.623166666666666558e+01,1.857638888888888928e+01,2.013138888888888900e+01,2.332583333333333542e+01,2.762888888888888772e+01,3.050277777777777999e+01
0.000000000000000000e+00,8.438333333333334352e+00,1.302694444444444422e+01,1.575583333333333336e+01,1.822305555555555756e+01,1.966305555555555529e+01,2.289750000000000085e+01,2.779555555555555557e+01,3.021166666666666600e+01
0.000000000000000000e+00,8.306388888888889710e+00,1.265722222222222193e+01,1.625111111111111128e+01,1.853777777777777658e+01,2.011388888888889070e+01,2.321194444444444471e+01,2.739555555555555699e+01,3.004944444444444684e+01
0.000000000000000000e+00,8.285555555555555785e+00,1.265305555555555550e+01,1.623555555555555685e+01,1.860416666666666430e+01,2.032888888888888701e+01,2.334138888888888985e+01,2.774888888888888872e+01,3.069000000000000128e+01
0.000000000000000000e+00,8.195833333333332860e+00,1.294361111111111207e+01,1.672194444444444628e+01,1.889694444444444343e+01,2.053055555555555500e+01,2.358083333333333442e+01,2.797916666666666430e+01,3.084833333333333272e+01
0.000000000000000000e+00,8.354166666666666075e+00,1.322083333333333499e+01,1.651416666666666444e+01,1.898277777777778041e+01,2.047111111111111370e+01,2.361444444444444457e+01,2.816527777777777430e+01,3.085749999999999815e+01
0.000000000000000000e+00,7.983611111111111214e+00,1.305250000000000021e+01,1.654666666666666686e+01,1.894111111111111256e+01,2.061361111111111200e+01,2.304777777777777814e+01,2.745472222222222314e+01,3.011861111111111100e+01
0.000000000000000000e+00,8.490000000000000213e+00,1.289472222222222086e+01,1.633916666666666728e+01,1.826777777777777700e+01,1.973472222222222427e+01,2.249638888888888744e+01,2.687999999999999901e+01,3.007583333333333542e+01
0.000000000000000000e+00,8.351666666666666572e+00,1.289277777777777878e+01,1.659722222222222143e+01,1.857833333333333314e+01,1.996000000000000085e+01,2.283666666666666600e+01,2.766055555555555401e+01,3.041722222222222172e+01
0.000000000000000000e+00,8.557222222222222285e+00,1.299222222222222101e+01,1.665249999999999986e+01,1.852749999999999986e+01,2.014000000000000057e+01,2.341416666666666657e+01,2.779444444444444429e+01,3.031916666666666771e+01
0.000000000000000000e+00,8.218333333333333712e+00,1.310472222222222349e+01,1.682250000000000156e+01,1.909472222222222015e+01,2.059333333333333371e+01,2.353638888888889014e+01,2.751944444444444571e+01,3.012166666666666970e+01
0.000000000000000000e+00,8.326111111111110574e+00,1.287611111111111128e+01,1.675222222222222257e+01,1.905249999999999844e+01,2.054388888888889042e+01,2.335083333333333400e+01,2.769416666666666416e+01,3.033611111111111214e+01
0.000000000000000000e+00,8.366944444444444073e+00,1.341166666666666529e+01,1.658500000000000085e+01,1.889444444444444571e+01,2.041361111111110915e+01,2.312055555555555486e+01,2.738777777777777800e+01,3.006583333333333741e+01
0.000000000000000000e+00,8.368888888888887934e+00,1.300972222222222285e+01,1.598027777777777736e+01,1.836555555555555586e+01,2.004499999999999815e+01,2.303722222222222271e+01,2.743277777777777970e+01,3.030083333333333329e+01
0.000000000000000000e+00,8.400277777777777288e+00,1.318805555555555564e+01,1.664972222222221987e+01,1.901277777777777800e+01,2.058194444444444571e+01,2.328722222222222271e+01,2.746055555555555472e+01,3.020388888888889056e+01
0.000000000000000000e+00,8.347500000000000142e+00,1.303861111111111271e+01,1.667361111111111072e+01,1.876166666666666671e+01,2.030083333333333329e+01,2.295722222222222442e+01,2.754527777777777686e+01,3.018805555555555387e+01
0.000000000000000000e+00,8.181111111111111001e+00,1.300361111111111079e+01,1.649444444444444358e+01,1.850777777777777899e+01,2.021638888888888985e+01,2.325333333333333385e+01,2.764027777777777573e+01,3.025805555555555770e+01
0.000000000000000000e+00,7.939444444444444748e+00,1.274166666666666714e+01,1.607055555555555415e+01,1.846444444444444599e+01,2.018055555555555358e+01,2.281944444444444642e+01,2.736277777777777942e+01,3.019583333333333286e+01
0.000000000000000000e+00,8.295555555555555571e+00,1.277694444444444422e+01,1.596472222222222115e+01,1.820583333333333087e+01,1.978388888888888886e+01,2.313416666666666544e+01,2.730666666666666842e+01,3.003805555555555529e+01
0.000000000000000000e+00,8.313333333333334352e+00,1.270972222222222214e+01,1.637027777777777970e+01,1.884305555555555500e+01,2.044888888888888800e+01,2.326194444444444187e+01,2.743444444444444485e+01,3.016916666666666913e+01
0.000000000000000000e+00,8.392500000000000071e+00,1.315861111111111015e+01,1.636166666666666458e+01,1.844750000000000156e+01,2.020888888888888957e+01,2.320194444444444315e+01,2.765833333333333499e+01,3.027027777777777828e+01
0.000000000000000000e+00,8.462222222222221646e+00,1.313250000000000028e+01,1.654305555555555429e+01,1.860638888888889042e+01,2.025805555555555770e+01,2.318472222222222356e+01,2.758194444444444571e+01,3.039944444444444471e+01
0.000000000000000000e+00,8.400277777777777288e+00,1.290833333333333321e+01,1.628888888888888786e+01,1.861305555555555458e+01,2.031416666666666515e+01,2.350583333333333513e+01,2.763583333333333059e+01,3.054694444444444557e+01
0.000000000000000000e+00,8.463333333333334707e+00,1.279194444444444478e+01,1.622527777777777658e+01,1.839083333333333314e+01,2.000444444444444514e+01,2.342888888888888843e+01,2.778333333333333144e+01,3.088166666666666771e+01
0.000000000000000000e+00,8.214444444444444215e+00,1.287777777777777644e+01,1.633666666666666600e+01,1.830166666666666586e+01,1.984722222222222143e+01,2.299249999999999972e+01,2.757777777777777928e+01,3.029361111111111171e+01
0.000000000000000000e+00,8.111944444444443292e+00,1.273333333333333250e+01,1.650833333333333286e+01,1.832750000000000057e+01,1.994472222222222157e+01,2.297638888888888786e+01,2.756472222222222257e+01,3.005611111111111100e+01
0.000000000000000000e+00,8.372777777777777430e+00,1.278305555555555628e+01,1.645277777777777573e+01,1.886472222222222328e+01,2.048777777777777587e+01,2.368027777777777843e+01,2.797111111111111370e+01,3.043388888888888744e+01
0.000000000000000000e+00,8.178611111111111498e+00,1.313027777777777771e+01,1.659750000000000014e+01,1.889750000000000085e+01,2.041527777777777786e+01,2.321972222222222371e+01,2.730777777777777615e+01,3.021055555555555827e+01
0.000000000000000000e+00,8.415000000000000924e+00,1.295361111111111008e+01,1.619722222222222285e+01,1.828027777777777985e+01,2.012805555555555515e+01,2.335583333333333300e+01,2.787999999999999901e+01,3.072277777777777530e+01
0.000000000000000000e+00,8.242499999999999716e+00,1.319583333333333464e+01,1.649666666666666615e+01,1.884777777777777885e+01,2.044111111111110901e+01,2.365722222222222015e+01,2.793833333333333258e+01,3.057083333333333641e+01
0.000000000000000000e+00,8.442500000000000782e+00,1.319388888888888900e+01,1.649638888888888744e+01,1.874416666666666842e+01,2.009222222222222243e+01,2.312555555555555387e+01,2.780972222222222001e+01,3.040888888888889241e+01
0.000000000000000000e+00,8.360833333333333783e+00,1.322138888888888886e+01,1.658416666666666828e+01,1.883388888888888957e+01,2.046833333333333371e+01,2.368555555555555614e+01,2.794083333333333030e+01,3.089638888888888602e+01
0.000000000000000000e+00,8.266388888888888786e+00,1.287333333333333307e+01,1.631166666666666742e+01,1.839138888888888701e+01,1.985500000000000043e+01,2.331166666666666742e+01,2.775111111111111128e+01,3.067972222222222101e+01
0.000000000000000000e+00,8.539722222222222214e+00,1.319972222222222058e+01,1.657722222222222186e+01,1.861833333333333229e+01,2.013777777777777800e+01,2.319333333333333158e+01,2.743416666666666615e+01,3.034861111111111143e+01
0.000000000000000000e+00,7.861666666666666359e+00,1.240138888888889035e+01,1.592166666666666686e+01,1.793361111111111228e+01,1.970166666666666799e+01,2.286277777777777942e+01,2.742194444444444557e+01,3.008138888888888829e+01
0.000000000000000000e+00,8.112777777777777644e+00,1.265666666666666629e+01,1.599277777777777843e+01,1.838166666666666416e+01,2.001444444444444670e+01,2.298111111111111171e+01,2.743305555555555841e+01,3.023000000000000043e+01
0.000000000000000000e+00,8.360555555555555074e+00,1.278805555555555529e+01,1.638194444444444287e+01,1.866083333333333272e+01,2.018222222222222229e+01,2.317861111111110972e+01,2.751000000000000156e+01,3.029083333333333172e+01
0.000000000000000000e+00,8.330277777777778780e+00,1.320083333333333364e+01,1.630277777777777715e+01,1.857194444444444414e+01,2.019777777777777672e+01,2.287722222222222257e+01,2.787055555555555486e+01,3.077361111111110858e+01
0.000000000000000000e+00,8.336388888888889070e+00,1.306027777777777921e+01,1.676277777777777800e+01,1.878388888888888886e+01,2.031722222222222385e+01,2.340277777777777857e+01,2.778305555555555628e+01,3.042611111111110844e+01
0.000000000000000000e+00,8.294444444444444287e+00,1.344388888888888900e+01,1.662972222222222385e+01,1.865055555555555600e+01,2.027638888888888857e+01,2.327083333333333215e+01,2.770611111111110958e+01,3.018750000000000000e+01
0.000000000000000000e+00,8.301666666666667638e+00,1.326972222222222086e+01,1.647555555555555529e+01,1.867666666666666586e+01,2.040666666666666629e+01,2.365249999999999986e+01,2.768166666666666487e+01,3.028500000000000014e+01
0.000000000000000000e+00,8.313888888888888218e+00,1.333527777777777601e+01,1.656361111111111128e+01,1.872333333333333272e+01,2.025861111111111157e+01,2.348750000000000071e+01,2.756833333333333513e+01,3.062222222222222356e+01
0.000000000000000000e+00,8.261388888888889781e+00,1.320166666666666799e+01,1.643888888888888999e+01,1.848166666666666558e+01,2.018444444444444485e+01,2.355250000000000199e+01,2.821027777777777601e+01,3.092611111111110844e+01
0.000000000000000000e+00,8.404999999999999361e+00,1.289500000000000135e+01,1.652694444444444244e+01,1.852694444444444244e+01,2.026305555555555671e+01,2.322027777777777757e+01,2.787361111111111356e+01,3.043055555555555358e+01
0.000000000000000000e+00,8.391666666666667496e+00,1.322611111111111093e+01,1.641583333333333172e+01,1.872749999999999915e+01,2.028500000000000014e+01,2.331694444444444514e+01,2.787472222222222129e+01,3.057027777777777544e+01
0.000000000000000000e+00,8.203888888888888786e+00,1.316416666666666657e+01,1.648083333333333300e+01,1.789888888888889085e+01,1.959249999999999758e+01,2.287500000000000000e+01,2.746388888888888857e+01,3.050333333333333385e+01
0.000000000000000000e+00,8.360555555555555074e+00,1.312472222222222129e+01,1.627777777777777857e+01,1.843555555555555614e+01,2.012472222222222129e+01,2.337583333333333613e+01,2.756972222222222157e+01,3.051249999999999929e+01
0.000000000000000000e+00,8.466388888888888076e+00,1.255972222222222179e+01,1.614944444444444471e+01,1.848888888888888715e+01,2.003277777777777757e+01,2.345666666666666700e+01,2.757777777777777928e+01,3.043888888888888644e+01
0.000000000000000000e+00,8.471111111111111924e+00,1.300194444444444386e+01,1.665583333333333371e+01,1.869138888888888772e+01,2.015583333333333371e+01,2.323472222222222427e+01,2.748805555555555813e+01,3.031222222222222484e+01
0.000000000000000000e+00,8.273611111111110361e+00,1.275638888888888900e+01,1.607861111111111185e+01,1.834416666666666629e+01,1.986444444444444457e+01,2.274194444444444585e+01,2.745361111111110830e+01,3.030416666666666714e+01
0.000000000000000000e+00,8.245833333333333570e+00,1.308361111111110908e+01,1.642916666666666714e+01,1.870083333333333186e+01,2.034999999999999787e+01,2.338833333333333186e+01,2.810305555555555657e+01,3.090527777777777985e+01
0.000000000000000000e+00,8.482777777777778638e+00,1.297277777777777708e+01,1.642972222222222456e+01,1.858305555555555699e+01,2.023555555555555685e+01,2.300750000000000028e+01,2.787972222222222030e+01,3.050944444444444414e+01
0.000000000000000000e+00,8.189999999999999503e+00,1.302472222222222165e+01,1.643555555555555614e+01,1.860583333333333300e+01,2.040388888888888630e+01,2.346583333333333243e+01,2.811388888888888715e+01,3.055638888888888971e+01
0.000000000000000000e+00,8.276666666666667282e+00,1.303583333333333272e+01,1.646777777777777985e+01,1.864722222222222214e+01,2.039611111111111086e+01,2.367638888888888715e+01,2.789277777777777700e+01,3.055027777777777942e+01
0.000000000000000000e+00,8.309722222222221788e+00,1.318888888888888822e+01,1.677583333333333471e+01,1.892972222222222456e+01,2.061777777777777487e+01,2.376388888888888928e+01,2.799083333333333101e+01,3.051194444444444542e+01
0.000000000000000000e+00,8.287499999999999645e+00,1.323111111111110993e+01,1.677805555555555372e+01,1.882250000000000156e+01,2.035611111111111171e+01,2.310500000000000043e+01,2.759555555555555628e+01,3.043583333333333485e+01
0.000000000000000000e+00,8.296944444444443789e+00,1.304305555555555429e+01,1.628000000000000114e+01,1.845333333333333314e+01,2.015388888888888630e+01,2.328555555555555756e+01,2.776361111111110702e+01,3.050222222222221902e+01
0.000000000000000000e+00,8.317222222222222072e+00,1.265416666666666679e+01,1.620222222222222186e+01,1.853111111111111242e+01,2.012722222222222257e+01,2.332916666666666572e+01,2.790361111111111114e+01,3.061138888888888943e+01
0.000000000000000000e+00,8.142777777777778780e+00,1.302805555555555728e+01,1.626833333333333442e+01,1.821055555555555472e+01,1.983027777777777700e+01,2.312555555555555387e+01,2.729694444444444201e+01,3.003527777777777885e+01
0.000000000000000000e+00,8.509444444444444144e+00,1.326833333333333265e+01,1.670666666666666700e+01,1.859444444444444500e+01,2.016638888888888914e+01,2.322861111111111043e+01,2.770916666666666828e+01,3.059166666666666856e+01
0.000000000000000000e+00,8.261388888888889781e+00,1.297916666666666607e+01,1.631333333333333258e+01,1.846666666666666856e+01,1.996138888888889085e+01,2.281222222222222129e+01,2.756888888888888545e+01,3.047055555555555628e+01
0.000000000000000000e+00,8.295277777777778638e+00,1.301972222222222086e+01,1.648166666666666558e+01,1.855111111111110844e+01,2.007111111111111157e+01,2.320611111111110958e+01,2.774972222222222129e+01,3.027111111111111086e+01
0.000000000000000000e+00,7.933055555555555749e+00,1.290638888888888935e+01,1.612638888888888999e+01,1.808583333333333343e+01,2.000083333333333258e+01,2.315527777777777629e+01,2.783194444444444571e+01,3.034472222222222015e+01
0.000000000000000000e+00,8.311666666666667425e+00,1.308805555555555600e+01,1.637583333333333258e+01,1.853333333333333144e+01,2.032833333333333314e+01,2.314611111111111086e+01,2.735305555555555657e+01,3.012111111111110873e+01
0.000000000000000000e+00,8.323888888888889781e+00,1.293333333333333357e+01,1.683222222222222442e+01,1.913527777777778027e+01,2.063111111111111029e+01,2.363500000000000156e+01,2.782972222222221959e+01,3.058416666666666828e+01
0.000000000000000000e+00,8.428333333333332789e+00,1.327305555555555472e+01,1.654083333333333172e+01,1.871555555555555372e+01,2.018472222222222356e+01,2.299444444444444358e+01,2.770777777777777473e+01,3.042555555555555458e+01
0.000000000000000000e+00,8.349444444444444002e+00,1.298638888888888943e+01,1.617333333333333556e+01,1.846111111111111214e+01,2.027111111111111086e+01,2.330194444444444457e+01,2.781722222222222030e+01,3.052388888888889085e+01
0.000000000000000000e+00,8.387500000000001066e+00,1.310888888888888992e+01,1.661611111111111327e+01,1.877527777777777729e+01,2.024499999999999744e+01,2.331472222222222257e+01,2.761916666666666842e+01,3.047361111111111143e+01
0.000000000000000000e+00,8.234722222222222499e+00,1.284805555555555401e+01,1.648027777777777558e+01,1.884138888888888630e+01,2.034138888888888985e+01,2.298750000000000071e+01,2.736777777777777843e+01,2.980222222222222328e+01
0.000000000000000000e+00,8.221944444444444500e+00,1.267305555555555685e+01,1.616249999999999787e+01,1.824111111111110972e+01,1.988500000000000156e+01,2.311277777777777587e+01,2.757416666666666671e+01,3.024583333333333357e+01
0.000000000000000000e+00,8.493333333333334068e+00,1.298638888888888943e+01,1.603833333333333400e+01,1.834805555555555756e+01,1.975666666666666771e+01,2.282611111111111057e+01,2.766361111111111271e+01,3.064638888888888602e+01
0.000000000000000000e+00,8.449166666666666714e+00,1.285638888888888864e+01,1.632111111111111157e+01,1.873361111111111299e+01,2.029555555555555557e+01,2.346194444444444471e+01,2.765444444444444372e+01,3.031111111111111001e+01
0.000000000000000000e+00,8.330277777777778780e+00,1.264555555555555344e+01,1.643388888888889099e+01,1.860444444444444656e+01,2.044527777777777899e+01,2.329250000000000043e+01,2.770138888888888928e+01,3.050777777777777899e+01
0.000000000000000000e+00,8.476111111111110930e+00,1.315444444444444372e+01,1.666000000000000014e+01,1.894444444444444287e+01,2.054388888888889042e+01,2.306749999999999901e+01,2.745611111111110958e+01,3.045416666666666572e+01
0.000000000000000000e+00,8.351944444444443505e+00,1.315555555555555678e+01,1.655666666666666842e+01,1.845055555555555671e+01,2.021611111111111114e+01,2.327749999999999986e+01,2.813055555555555287e+01,3.063833333333333542e+01
0.000000000000000000e+00,8.363333333333333286e+00,1.303611111111111143e+01,1.655361111111110972e+01,1.867000000000000171e+01,2.017944444444444585e+01,2.324583333333333357e+01,2.755500000000000327e+01,3.023750000000000071e+01
0.000000000000000000e+00,8.279444444444445494e+00,1.312722222222222257e+01,1.624111111111111327e+01,1.870166666666666799e+01,2.034583333333333144e+01,2.297027777777777757e+01,2.730888888888888744e+01,2.991888888888889042e+01
0.000000000000000000e+00,8.482777777777778638e+00,1.303944444444444528e+01,1.625250000000000128e+01,1.861083333333333201e+01,2.038444444444444414e+01,2.332555555555555316e+01,2.779305555555555785e+01,3.048972222222221973e+01
0.000000000000000000e+00,8.453611111111111853e+00,1.312111111111111050e+01,1.658749999999999858e+01,1.874666666666666615e+01,2.057805555555555443e+01,2.351194444444444542e+01,2.767472222222221845e+01,3.028833333333333400e+01
0.000000000000000000e+00,8.262777777777777999e+00,1.258361111111111263e+01,1.577638888888889035e+01,1.809611111111111015e+01,1.976972222222222086e+01,2.283333333333333215e+01,2.757750000000000057e+01,3.029972222222221845e+01
0.000000000000000000e+00,8.240000000000000213e+00,1.285527777777777736e+01,1.615611111111110887e+01,1.832277777777777672e+01,1.993111111111111100e+01,2.283833333333333115e+01,2.724388888888888971e+01,2.997055555555555628e+01
0.000000000000000000e+00,8.137777777777777999e+00,1.302916666666666679e+01,1.635888888888888815e+01,1.860027777777777658e+01,2.019249999999999901e+01,2.299638888888888744e+01,2.747555555555555173e+01,3.039694444444444699e+01
0.000000000000000000e+00,8.534166666666665790e+00,1.330861111111111050e+01,1.690861111111111015e+01,1.891805555555555429e+01,2.059499999999999886e+01,2.349083333333333456e+01,2.794027777777777644e+01,3.061333333333332973e+01
0.000000000000000000e+00,8.268611111111111356e+00,1.290638888888888935e+01,1.662194444444444485e+01,1.895472222222222314e+01,2.060138888888888786e+01,2.283722222222222342e+01,2.755916666666666970e+01,3.040527777777777985e+01
0.000000000000000000e+00,8.639444444444443150e+00,1.318611111111111178e+01,1.664249999999999829e+01,1.885666666666666558e+01,2.042472222222222200e+01,2.356611111111110901e+01,2.753583333333333272e+01,3.035805555555555912e+01
0.000000000000000000e+00,8.491388888888888431e+00,1.304805555555555507e+01,1.638555555555555543e+01,1.851138888888888800e+01,2.020138888888888928e+01,2.316055555555555756e+01,2.760805555555555557e+01,3.064333333333333442e+01
0.000000000000000000e+00,8.199444444444443647e+00,1.273722222222222200e+01,1.641944444444444429e+01,1.861972222222222229e+01,2.041833333333333300e+01,2.346555555555555728e+01,2.704833333333333556e+01,3.020388888888889056e+01
0.000000000000000000e+00,8.150833333333332931e+00,1.303527777777777885e+01,1.660500000000000043e+01,1.875888888888889028e+01,2.024777777777777743e+01,2.344000000000000128e+01,2.723083333333333300e+01,3.039999999999999858e+01
0.000000000000000000e+00,8.188055555555555642e+00,1.266194444444444578e+01,1.644916666666666671e+01,1.849166666666666714e+01,2.041000000000000014e+01,2.317555555555555458e+01,2.753416666666666401e+01,3.029444444444444429e+01
0.000000000000000000e+00,8.211111111111110361e+00,1.300472222222222385e+01,1.644166666666666643e+01,1.839722222222222214e+01,1.973499999999999943e+01,2.273694444444444684e+01,2.745833333333333570e+01,3.037777777777777644e+01
0.000000000000000000e+00,7.995277777777777928e+00,1.276249999999999929e+01,1.620083333333333542e+01,1.835361111111111398e+01,2.000000000000000000e+01,2.289611111111111086e+01,2.747611111111111271e+01,3.025305555555555870e+01
0.000000000000000000e+00,8.167777777777777359e+00,1.306333333333333258e+01,1.604694444444444557e+01,1.814472222222222442e+01,1.983638888888889085e+01,2.248611111111111072e+01,2.737222222222222001e+01,3.011916666666666842e+01
0.000000000000000000e+00,8.358611111111111214e+00,1.275333333333333385e+01,1.600583333333333158e+01,1.838277777777777899e+01,2.020000000000000284e+01,2.261027777777777814e+01,2.708888888888888857e+01,3.012333333333333485e+01
0.000000000000000000e+00,8.393333333333332646e+00,1.305472222222222278e+01,1.600333333333333385e+01,1.836444444444444457e+01,1.997138888888888886e+01,2.293250000000000099e+01,2.717611111111111200e+01,2.995944444444444343e+01
0.000000000000000000e+00,8.331944444444443931e+00,1.304083333333333172e+01,1.668194444444444358e+01,1.895305555555555799e+01,2.050805555555555415e+01,2.358194444444444571e+01,2.801833333333333442e+01,3.075333333333333385e+01
0.000000000000000000e+00,8.488888888888888928e+00,1.302250000000000085e+01,1.649638888888888744e+01,1.865027777777777729e+01,2.025555555555555287e+01,2.340888888888888886e+01,2.798611111111111072e+01,3.065249999999999986e+01
0.000000000000000000e+00,7.985555555555555074e+00,1.289694444444444343e+01,1.661694444444444585e+01,1.867972222222222101e+01,2.021277777777777729e+01,2.292972222222222456e+01,2.735305555555555657e+01,3.028416666666666757e+01
